Category,Item Name,Range,Calories,Calories from Fat,Total Fat (g),Sat Fat (g),Trans Fat (g),Cholesterol (mg),Sodium (mg),Carbs (g),Dietary Fiber (g),Sugar (g),Protein (g),,
Breakfast Specials,Special 1 - Two Eggs,Low Range,750,250,28,12,"0,5",415,770,96,10,8,29,,
Breakfast Specials,Special 1 - Two Eggs,High Range,1130,530,59,25,"0,5",465,1480,108,6,2,41,,
Breakfast Specials,Special 2 - Pancakes,Low Range,700,300,33,16,"0,5",425,1340,75,2,13,24,,
Breakfast Specials,Special 2 - Pancakes,High Range,1030,580,65,29,"0,5",475,1990,75,2,13,34,,
Breakfast Specials,Special 3 - French Toast,Low Range,700,270,30,14,0,445,730,79,5,17,34,,
Breakfast Specials,Special 3 - French Toast,High Range,1000,530,59,24,0,495,1380,79,5,7,34,,
Breakfast Specials,Special 4 - Biscuits & Gravy,Low Range (v1),1160,450,50,21,1,460,2750,135,4,25,44,,
Breakfast Specials,Special 4 - Biscuits & Gravy,High Range (v1),1190,480,53,24,1,460,2750,135,4,25,44,,
Breakfast Specials,Special 4 - Biscuits & Gravy,Low Range (v2),820,380,43,16,0,425,1140,68,15,2,42,,
Breakfast Specials,Special 4 - Biscuits & Gravy,High Range (v2),890,420,47,18,0,425,1710,71,12,4,44,,
Breakfast Specials,Iron Man Challenge,,3860,1940,215,104,1,2550,10040,315,22,49,182,,
BREAKFAST ENTREES,CHORIZO BURRITOS,,7790,3630,403,180,0,2890,12940,674,55,37,346,,
BREAKFAST ENTREES,Ranchero Scramble,,3650,2380,265,115,7,1950,4710,204,39,31,149,,
BREAKFAST ENTREES,Spicy Vegan Scramble,,3270,1920,213,59,0,0,5330,197,43,39,140,,
Breakfast Trays,Scrambled Eggs Tray,,1860,1220,136,60,0,4100,1570,8,0,4,139,,
Breakfast Trays,Applewood Bacon Tray,,590,450,50,20,0,100,1300,0,0,0,20,,
Breakfast Trays,Sausage Links Tray,,3600,3060,340,120,0,600,7800,0,0,0,120,,
Breakfast Trays,Hashbrowns Tray,,2040,1010,111,45,0,0,60,241,22,11,21,,
Breakfast Trays,Homefries Tray,,3010,1020,112,46,0,0,115,468,42,21,40,,
Breakfast Trays,Mini Blueberry Muffins Tray,,4470,2460,273,105,0,655,3760,449,10,255,31,,
Breakfast Trays,Pancakes Tray,,5510,2140,238,169,0,600,7550,801,9,372,44,,
Breakfast Trays,Waffles Tray,,4400,2240,250,175,1,795,3280,527,2,331,12,,
Breakfast Trays,French Toast Tray,,5220,2530,282,191,0,1680,3670,607,9,336,56,,
Breakfast Trays,Parfaits,,3320,270,30,4.5,0,150,1480,500,35,327,237,,
Breakfast Trays,Fruit Tray,,960,30,3.5,0.5,0,0,190,243,27,200,17,,
Sandwiches & Wraps,Monte Cristo,,4120,1810,202,102,0,2040,6780,303,14,98,271,,
Sandwiches & Wraps,Turkey Croissant Sandwich,,5520,3540,393,147,0,805,11680,296,43,50,240,,
Sandwiches & Wraps,Breakfast Croissant Sandwich,,780,350,39,19,0,440,2170,69,2,3,41,,
Catering - Family Style,Scrambled Eggs (1/2 Cup),,190,120,14,6,0,410,160,1,0,0,14,,
Catering - Family Style,Fresh Fruit (1/2 Cup),,80,10,0,0,0,0,20,20,1,17,1,,
Catering - Family Style,Bacon (2 Slices),,60,60,5,2,0,10,140,0,0,0,2,,
Catering - Family Style,Pancake Syrup (1),,170,0,0,0,0,0,40,43,0,31,0,,
Catering - Family Style,French Toast (1 Slice),,300,120,13,7,0,215,290,33,2,3,11,,
Catering - Family Style,Buttermilk Pancakes (1 each),,320,150,17,10,"0,5",40,540,37,1,6,5,,
Catering - Family Style,Butter Chip (1 each),,100,100,11,8,0,30,90,0,0,0,0,,
Catering - Family Style,Belgian Waffle (1/2 each),,130,50,6,3,0,40,215,16,0,0,2,,
Catering - Platters,Veggie Sandwich (Wheat) (1/2),,280,180,19,8,0,33,232,6,4,1,11,,
Catering - Platters,Veggie Sandwich (Sourdough) (1/2),,300,180,20,8,0,33,500,36,5,1,17,,
Catering - Platters,Veggie Sandwich (White) (1/2),,290,180,19,8,0,33,590,35,5,2,16,,
Catering - Platters,Club Sandwich (Wheat) (1/2),,320,60,6,2,0,50,1300,44,4,8,26,,
Catering - Platters,Club Sandwich (Sourdough) (1/2),,360,60,6,2,0,50,1340,52,2,2,26,,
Catering - Platters,Club Sandwich (White) (1/2),,350,50,5,1,0,50,1740,51,2,4,25,,
Catering - Platters,Turkey (Rye) (1/2),,400,190,21,6,0,60,1140,35,2,4,23,,
Catering - Platters,Turkey (Sourdough) (1/2),,400,170,19,6,0,60,1100,36,1,2,24,,
Catering - Platters,Turkey (White) (1/2),,390,170,19,6,0,60,1190,35,1,3,23,,
Catering - Platters,Turkey (Wheat) (1/2),,370,180,20,6,0,60,1070,30,3,5,23,,
Catering - Platters,Turkey Wrap (1/2),,350,135,15,"4,5",0,40,1090,36,5,3,21,,
Catering - Platters,Veggie Wrap (1/2),,240,100,11,"2,4",0,0,390,31,5,1,6,,
Catering - Platters,VEGETARIAN BREAKFAST BURRITOS (1/2),,554,261.5,29,12,0.06,219,628,52,6.3,0.7,21.42,,
Catering - Platters,Breakfast Burrito (1/2),,600,290,32,13,0,225,770,52,6,1,24,,
Catering - Platters,Blueberry Muffins (1 Mini),,140,60,7,1,0,15,120,19,0,11,1,,
Catering - Platters,Berry Parfait Cup,,300,40,4,"1,5",0,5,140,58,2,33,8,,
Catering - Platters,Fresh Fruit Bowl (1/2 Cup),,80,5,0,0,0,0,15,20,1,17,1,,
Catering - Platters,Very Berry (Small),,1780,1400,156,27,0,50,1160,90,9,73,26,,
Catering - Platters,Very Berry (Large),,3560,2810,312,54,0,100,2290,180,18,146,51,,
Catering - Platters,Greek Salad (Small),,1150,840,93,23,"0,5",40,3810,67,18,36,24,,
Catering - Platters,Greek Salad (Large),,2310,1670,186,47,1,80,7620,138,38,74,50,,
Catering - Platters,Chicken Caesar (Small),,2500,1370,152,33,"0,5",665,4290,47,14,16,238,,
Catering - Platters,Chicken Caesar (Large),,4750,2690,299,64,2,1185,8450,98,30,34,425,,
Catering - Platters,Add Chicken (Small),,1120,220,24,7,0,580,500,0,0,0,211,,
Catering - Platters,Add Chicken (Large),,1960,380,43,12,0,580,880,0,0,0,369,,
Catering - Beverages,Coffee (1 Cup),,0,0,0,0,0,0,0,0,0,0,0,,
Catering - Beverages,Cocoa Cola (12 fl oz),,140,0,0,0,0,0,50,39,0,39,0,,
Catering - Beverages,Diet Cocoa Cola (12 fl oz),,0,0,0,0,0,0,40,0,0,0,0,,
Catering - Beverages,Hot Cocoa (8 fl oz),,240,35,4,3,0,0,220,49,0,43,0,,
Catering - Beverages,Orange Juice (8 fl oz),,110,0,0,0,0,0,0,26,0,21,2,,
Catering - Beverages,Sprite (12 fl oz),,140,0,0,0,0,0,70,38,0,38,0,,
Healthy Side Up,Spicy Vegan Bowl,,900,546,61,16,0,0,1335,54,14,10,36,,
Healthy Side Up,Wellness Wrap (no sides),,550,170,19,11,0,30,1470,58,4,4,33,,
Healthy Side Up,Avocado Toast,,500,300,33,3,0,0,420,50,17,5,10,,
Healthy Side Up,Feta Avocado Toast,,660,350,389,9,0,20,750,68,18,22,16,,
Healthy Side Up,Add Two Poached Eggs,,140,90,10,3,0,370,140,1,0,0,13,,
Healthy Side Up,Steel Cut Oats,,520,170,19,2,0,0,15,78,10,34,14,,
Healthy Side Up,Acai Bowl,,650,120,13,5,0,0,230,137,13,81,6,,
Healthy Side Up,Smoke Salmon Avocado Toast,,620,260,29,6,0,60,1960,,10,4,34,,
Healthy Side Up,Berry Yogurt Parfait,,500,70,8,2,0,5,200,96,7,50,12,,
South of the Border,Huevos Rancheros (no tortillas),,650,230,26,9,0,375,990,75,16,5,30,,
South of the Border,Huevos Con Chorizo (no tortillas),,760,380,42,16,0,425,1510,53,11,3,41,,
South of the Border,Machaca (no tortillas),,750,270,30,11,0,450,1220,63,13,9,56,,
South of the Border,Chilaquiles Bowl Red Sauce & Shredded Chicken,,1680,830,92,34,0,58,1860,130,10,11,84,,
South of the Border,Chilaquiles Bowl Red Sauce & Carne Asada,,1740,920,102,39,1,590,1870,130,10,11,80,,
South of the Border,Chilaquiles Bowl Green Sauce & Shredded Chicken,,1790,830,92,34,0,580,2040,150,17,26,92,,
South of the Border,Chilaquiles Bowl Green Sauce & Carne Asada,,1850,920,102,39,1,590,2050,150,17,26,88,,
South of the Border,California Breakfast Burrito,,1480,600,67,28,0,465,2200,159,21,4,63,,
South of the Border,Fiesta Burrito,,1370,570,64,29,0,525,2080,120,16,18,76,,
South of the Border,Baja Breakfast Tacos,,1060,500,56,18,0,425,1720,96,23,5,47,,
Two Eggs,Two Eggs Plus - Scrambled or Fried,,170,110,12,5,0,370,140,1,0,0,13,,
Two Eggs,Two Eggs Plus - Boiled or Poached,,140,90,10,3,0,370,140,1,0,0,13,,
Two Eggs,Two Eggs Plus...,,143,86,10,4,0.04,372,142,0.7,0,0.4,13,,
Two Eggs,American Breakfast - Scrambled/Fried + Bacon,,260,180,20,8,0,385,340,1,0,0,16,,
Two Eggs,American Breakfast - Boiled/Poached + Bacon,,230,160,18,6,0,385,340,1,0,0,16,,
Two Eggs,American Breakfast - Scrambled/Fried + Applewood Bacon,,260,190,21,8,0,385,340,1,0,0,16,,
Two Eggs,American Breakfast - Boiled/Poached + Applewood Bacon,,230,170,19,6,0,385,340,1,0,0,16,,
Two Eggs,American Breakfast - Scrambled/Fried + Sausage Link,,530,410,46,17,0,430,920,1,0,0,25,,
Two Eggs,American Breakfast - Boiled/Poached + Sausage Link,,500,390,44,15,0,430,920,1,0,0,25,,
Two Eggs,American Breakfast - Scrambled/Fried + Sausage Patty,,630,510,56,21,0,460,900,1,0,0,31,,
Two Eggs,American Breakfast - Boiled/Poached + Sausage Patty,,600,490,54,19,0,460,900,1,0,0,31,,
Two Eggs,American Breakfast - Scrambled/Fried + Smoked Ham,,340,180,20,7,0,465,1300,1,0,0,35,,
Two Eggs,American Breakfast - Boiled/Poached + Smoked Ham,,310,160,18,5,0,465,1300,1,0,0,35,,
Two Eggs,American Breakfast - Scrambled/Fried + Canadian Bacon,,280,160,18,8,0,415,1040,1,0,0,28,,
Two Eggs,American Breakfast - Boiled/Poached + Canadian Bacon,,250,140,16,6,0,415,1040,1,0,0,28,,
Two Eggs,American Breakfast - Scrambled/Fried + Beef Patty,,590,360,40,16,1,510,550,1,0,0,53,,
Two Eggs,American Breakfast - Boiled/Poached + Beef Patty,,560,340,38,14,1,510,550,1,0,0,53,,
Two Eggs,American Breakfast - Scrambled/Fried + Corned Beef,,750,440,49,22,"2,5",460,2230,37,4,3,41,,
Two Eggs,American Breakfast - Boiled/Poached + Corned Beef,,720,420,47,20,"2,5",460,2230,37,4,3,41,,
Two Eggs,Ham Scramble,,340,180,20,8,0,470,1300,1,0,0,34,,
Two Eggs,Chicken Fried Steak & Eggs - Scrambled/Fried,,740,470,52,18,1,420,1560,41,2,1,28,,
Two Eggs,Chicken Fried Steak & Eggs - Boiled/Poached,,720,440,49,16,1,420,1560,41,1,1,28,,
Two Eggs,New York Steak & Eggs - Scrambled/Fried,,600,320,35,15,"1,5",535,250,1,0,0,64,,
Two Eggs,New York Steak & Eggs - Boiled/Poached,,570,290,32,13,"1,5",535,250,1,0,0,64,,
Breakfast Craves,Betty's Southern Biscuits & Gravy,,620,230,25,12,0,20,1980,86,0,12,16,,
Breakfast Craves,Betty's Southern Biscuits & Gravy (w/ Bacon),,680,270,30,14,0,30,2110,85,0,12,18,,
Breakfast Craves,Betty's Southern Biscuits & Gravy (w/ Sausage Links),,980,530,59,24,0,80,2760,85,0,12,28,,
Breakfast Craves,Betty's Southern Biscuits & Gravy (w/ Sausage Patties),,1080,620,69,28,0,110,2740,85,0,12,34,,
Breakfast Craves,Betty's Southern Biscuits & Gravy (w/ Chicken Strips),,780,300,32,13,0,50,2290,98,0,12,28,,
Breakfast Craves,Monte Cristo,,1440,600,67,34,0,680,2260,116,6,47,90,,
Breakfast Craves,Sun-Up Breakfast Sandwich,,780,350,39,19,0,440,2170,69,2,3,41,,
Breakfast Craves,Egg Whites (2) - Substitution,,-110,-80,-9,-3,0,-370,-30,0,0,0,-5,,
Omelet Obsession,The Mom,,530,330,36,15,0,765,450,22,7,9,30,,
Omelet Obsession,Greek,,300,180,20,12,0,30,950,8,3,3,23,,
Omelet Obsession,No Name,,770,580,65,23,0,800,810,16,8,6,37,,
Omelet Obsession,Californian,,1070,730,81,39,0,870,2260,33,5,7,51,,
,SMOKED SALMON BENEDICT,,712,401,45,19,0.8,481,1901,33,1.5,4,44,,
Omelet Obsession,The Rancher,,760,470,53,25,0,810,810,29,5,8,37,,
Omelet Obsession,Mile High,,720,460,51,25,0,850,2280,15,1,6,51,,
Omelet Obsession,El Fuego,,1110,810,91,40,0,895,2550,9,3,4,68,,
Create Your Own - Omelet,4 Egg Omelet,,350,230,26,12,0,745,280,1,0,1,25,,
Create Your Own - Omelet,4 Egg White Omelet,,130,60,7,0,0,0,215,1,0,0,14,,
Create Your Own - Omelet,Avocado (1 oz),,45,35,4,"0,5",0,0,0,2,2,0,1,,
Create Your Own - Omelet,Bell Peppers (1 oz),,10,0,0,0,0,0,0,2,0,1,0,,
Create Your Own - Omelet,Kalamata Olives (1 oz),,35,25,3,0,0,0,210,2,1,0,0,,
Create Your Own - Omelet,Tomatoes (1 oz),,5,0,0,0,0,0,0,1,0,1,0,,
Create Your Own - Omelet,Onions (1 oz),,10,0,0,0,0,0,0,2,0,1,0,,
Create Your Own - Omelet,Green Onions (1 oz),,5,0,0,0,0,0,0,2,1,1,1,,
Create Your Own - Omelet,Jalapeños (1 oz),,5,0,0,0,0,0,310,1,0,1,0,,
Create Your Own - Omelet,Potatoes (1 oz),,35,10,"1,5",1,0,5,0,5,0,0,0,,
Create Your Own - Omelet,Spinach (1 oz),,5,0,0,0,0,0,15,1,1,0,1,,
Create Your Own - Omelet,Mushrooms (1 oz),,15,0,0,0,0,0,0,1,0,1,0,,
Create Your Own - Omelet,Bacon (1 oz),,100,80,9,"3,5",0,20,230,0,0,0,4,,
Create Your Own - Omelet,Sausage (1 oz),,100,70,8,"3,5",0,25,220,0,0,0,6,,
Create Your Own - Omelet,Canadian Bacon (1 oz),,35,20,2,1,0,15,300,0,0,0,5,,
Create Your Own - Omelet,Corned Beef Hash (1 oz),,50,30,3,"1,5",0,10,180,3,0,0,2,,
Create Your Own - Omelet,Chorizo (1 oz),,130,100,11,4,0,25,250,1,0,0,7,,
Create Your Own - Omelet,Ham (1 oz),,40,15,2,"0,5",0,25,270,0,0,0,5,,
Create Your Own - Omelet,Ground Beef (1 oz),,80,45,5,2,0,25,75,0,0,0,7,,
Create Your Own - Omelet,Sliced Turkey (1 oz),,25,0,0,0,0,10,210,2,0,1,4,,
Create Your Own - Omelet,Turkey Bacon (1 oz),,45,25,3,1,0,25,230,0,0,0,5,,
Create Your Own - Omelet,Turkey Sausage (1 oz),,90,60,6,2,0,40,270,0,0,0,7,,
Create Your Own - Omelet,Hollandaise Sauce (2 oz),,110,90,10,6,0,25,105,4,0,1,1,,
Create Your Own - Omelet,Sour Cream (2 oz),,60,50,5,"4,5",0,20,60,2,0,2,1,,
Create Your Own - Omelet,Salsa Fresca (2 oz),,5,0,0,0,0,0,45,1,0,1,0,,
Create Your Own - Omelet,Guacamole (2 oz),,50,40,"4,5","0,5",0,0,30,3,2,0,1,,
Create Your Own - Omelet,American Cheese (1.5 oz),,140,100,11,6,0,30,730,5,0,2,8,,
Create Your Own - Omelet,Swiss Cheese (1.5 oz),,150,110,12,8,0,40,90,2,0,0,12,,
Create Your Own - Omelet,Cheddar Cheese (1.5 oz),,170,120,14,9,0,45,270,0,0,0,11,,
Create Your Own - Omelet,Jack Cheese (1.5 oz),,150,120,14,8,0,40,260,0,0,0,11,,
Create Your Own - Omelet,Pepper Jack (1.5 oz),,150,110,12,8,0,40,290,0,0,0,11,,
Create Your Own - Omelet,Provolone Cheese (1.5 oz),,150,110,12,7,0,30,300,0,0,0,11,,
Create Your Own - Omelet,Feta Cheese (1.5 oz),,120,80,9,6,0,30,480,1,0,0,8,,
Benedicts,Choose Two,Low Range,610,340,38,18,1,480,1200,34,1,4,32,,
Benedicts,Choose Two,High Range,800,420,47,20,"0,5",485,1140,54,5,16,42,,
Benedicts,Eggs Benedict,,580,310,35,18,1,470,1550,32,1,4,36,,
Benedicts,Caprese Benedict,,720,440,49,23,1,460,960,38,2,6,33,,
Benedicts,Golden State Benedict,,700,440,50,19,1,430,970,43,8,6,24,,
Benedicts,Border Benedict,,740,420,47,22,1,500,760,44,0,19,34,,
Benedicts,Sope Benedict,,780,360,40,7,0,460,1040,107,22,7,76,,
Benedicts,Chicken & Waffle Benedict,,640,370,42,19,1,490,850,36,2,4,28,,
Skillets,Ranchero Skillet,,970,640,72,31,2,510,1180,54,12,9,38,,
Skillets,Hash Skillet,,810,450,51,28,1,480,1120,50,6,6,39,,
Skillets,Country Skillet,,800,420,47,26,0,525,1500,45,5,6,47,,
Pancakes & Waffles,Buttermilk Pancakes (Short Stack),,500,170,19,11,"0,5",40,1070,74,2,12,9,,
Pancakes & Waffles,Buttermilk Pancakes (Full Stack),,680,180,21,12,"0,5",40,1610,111,3,19,13,,
Pancakes & Waffles,Blueberry Pancakes (Short Stack),,560,170,19,11,"0,5",40,1070,91,4,24,10,,
Pancakes & Waffles,Blueberry Pancakes (Full Stack),,740,190,21,12,"0,5",40,1610,128,5,30,14,,
Pancakes & Waffles,Banana Pancakes (Short Stack),,630,170,19,12,"0,5",40,1070,109,5,32,11,,
Pancakes & Waffles,Banana Pancakes (Full Stack),,810,190,21,12,"0,5",40,1610,146,6,38,15,,
Pancakes & Waffles,Cinnacakes (Short Stack),,880,150,18,10,"0,5",11,1330,172,2,98,8,,
Pancakes & Waffles,Cinnacakes (Full Stack),,1060,170,20,11,"0,5",11,1860,209,3,103,12,,
Pancakes & Waffles,Chocolate Chip Pancakes (Short Stack),,880,350,40,24,"0,5",45,1080,117,6,53,13,,
Pancakes & Waffles,Chocolate Chip Pancakes (Full Stack),,1060,370,41,25,"0,5",45,1610,154,7,59,17,,
Pancakes & Waffles,Gluten Free Pancakes (Short Stack),,630,210,24,11,"0,5",40,1500,102,3,25,6,,
Pancakes & Waffles,Gluten Free Pancakes (Full Stack),,880,250,28,12,"0,5",40,2250,154,4,37,8,,
Pancakes & Waffles,Belgian Waffles,,390,240,27,16,1,120,430,33,1,3,5,,
Pancakes & Waffles,Banana Belgian Waffles,,480,170,19,9,0,110,430,72,4,25,6,,
Pancakes & Waffles,Strawberry Belgian Waffles,,500,160,18,9,0,110,460,78,4,43,5,,
Pancakes & Waffles,Chicken & Waffles,,1110,480,54,21,1,230,1640,107,5,21,50,,
Pancakes & Waffles,Waffle Sandwich,,730,460,51,27,0,525,1130,32,1,1,34,,
Pancakes & Waffles,Sweet Trio,,1340,390,44,22,0,380,1170,208,9,104,26,,
French Toast & Crepes,Tiki Toast,,990,340,38,25,0,455,600,138,8,70,24,,
French Toast & Crepes,Crunchy French Toast,,1790,580,64,23,0,680,1460,252,15,84,47,,
French Toast & Crepes,Stuffed French Toast,,1230,600,67,39,"1,5",565,700,128,7,41,29,,
French Toast & Crepes,Classic French Toast,,960,330,37,19,0,650,900,118,7,26,33,,
French Toast & Crepes,Banana Nutella Crepes,,900,350,39,15,0,100,720,125,7,76,15,,
French Toast & Crepes,Strawberry Nutella Crepes,,810,350,39,15,0,100,720,102,5,64,14,,
French Toast & Crepes,Savory Crepes,,1280,720,80,44,"0,5",355,2380,56,3,11,96,,
Create a Combo,Sausage Links (2),,250,225,25,9,0,40,430,0,0,1,7,,
Create a Combo,Sausage Patty (2),,460,400,44,16,0,90,760,0,0,0,18,,
Create a Combo,Bacon (2),,60,40,5,2,0,10,130,0,0,0,1,,
Create a Combo,Applewood Smoked Bacon (2),,260,54,6,2,0,10,130,0,0,0,2,,
Create a Combo,Scrambled or Fried Eggs (2),,170,110,12,5,0,370,140,1,0,0,13,,
Create a Combo,Poached or Boiled Eggs (2),,140,90,10,3,0,370,140,1,0,0,13,,
Burgers,Old Reliable,,1210,700,78,30,"1,5",225,2940,66,3,10,63,,
Burgers,Add Avocado,,160,130,15,2,0,0,5,9,7,1,2,,
Burgers,Add Applewood Bacon,,60,40,5,2,0,10,130,0,0,0,1,,
Burgers,Good Morning Burger,,1360,810,90,35,"1,5",600,2140,58,3,8,74,,
Burgers,Wild West Burger,,1430,750,83,31,"1,5",225,2790,105,4,41,63,,
Burgers,Sub Chicken Breast,,-180,-205,-22,-10,-1,-17,-12,0,0,0,-4,,
Sandwiches,Club Sandwich (Rye),,940,340,38,7,0,115,3470,102,8,11,51,,
Sandwiches,Club Sandwich (Sourdough),,940,300,33,7,0,115,3350,105,5,5,54,,
Sandwiches,Club Sandwich (White),,910,290,32,7,0,115,3620,102,5,8,51,,
Sandwiches,Club Sandwich (Whole Wheat),,850,310,35,7,0,115,3260,87,11,14,51,,
Sandwiches,B.L.T. (Rye),,640,330,36,8,0,40,1540,61,6,5,15,,
Sandwiches,B.L.T. (Sourdough),,640,300,33,8,0,40,1460,63,4,1,17,,
Sandwiches,B.L.T. (White),,620,290,32,8,0,40,1640,61,4,3,15,,
Sandwiches,B.L.T. (Whole Wheat),,580,310,34,8,0,40,1400,51,8,7,15,,
Sandwiches,Add Avocado,,160,130,15,2,0,0,5,9,7,1,2,,
Sandwiches,Chicken Caesar Wrap ,,752,265,29,9,0.12,138,1911,60,6,3,60,,
Sandwiches,Add Fried Eggs (2),,170,110,12,5,0,370,140,1,0,0,13,,
Sandwiches,Tuna Melt,,940,470,52,18,0,140,2120,62,3,0,59,,
Sandwiches,Southern Chicken Wrap,,1020,430,48,10,0,130,1790,88,17,5,61,,
Sandwiches,Buffalo Chicken Wrap,,1110,520,58,10,0,130,3590,93,8,4,55,,
Sandwiches,Crispy Chicken Sandwich,,1040,400,44,9,0,95,2460,123,5,39,38,,
Fresh Soups & Salads,"Caesar Salad (Half, no dressing)",,230,170,19,5,0,20,730,10,3,3,7,,
Fresh Soups & Salads,Grilled Chicken Caesar Salad (incl. dressing),,710,390,44,12,0,165,1650,22,5,6,58,,
Fresh Soups & Salads,Very Berry Salad (incl. raspberry vinaigrette),,940,680,76,18,0,60,420,42,5,30,26,,
Fresh Soups & Salads,Very Berry Salad Half (incl. raspberry vinaigrette),,530,400,44,10,0,30,260,24,2,18,14,,
Fresh Soups & Salads,House Salad (no dressing),,70,15,2,1,0,5,250,12,3,6,3,,
Fresh Soups & Salads,Greek Salad (incl. balsamic vinaigrette),,280,190,22,8,0,30,1060,14,5,6,9,,
Fresh Soups & Salads,Chicken Veggie Soup (Bowl),,210,70,8,"4,5",0,65,610,14,3,6,21,,
Fresh Soups & Salads,Chicken Veggie Soup (Cup),,110,35,4,2,0,30,310,7,2,3,10,,
Fresh Soups & Salads,Tomato Basil Soup (Bowl),,300,200,22,6,0,35,870,20,2,16,3,,
Fresh Soups & Salads,Tomato Basil Soup (Cup),,210,140,15,"4,5",0,25,600,14,1,11,2,,
Soup Salad Sandwich Combo,B.L.T. Half (Rye),,320,160,18,4,0,20,510,30,2,3,7,,
Soup Salad Sandwich Combo,B.L.T. Half (Sourdough),,320,150,17,4,0,20,470,31,1,1,8,,
Soup Salad Sandwich Combo,B.L.T. Half (White),,310,150,16,4,0,20,560,30,1,2,7,,
Soup Salad Sandwich Combo,B.L.T. Half (Whole Wheat),,290,150,17,4,0,20,440,25,3,4,7,,
Soup Salad Sandwich Combo,Tuna Sandwich Half (Rye),,340,140,16,"2,5",0,35,620,31,3,3,20,,
Soup Salad Sandwich Combo,Tuna Sandwich Half (Sourdough),,340,130,14,"2,5",0,35,580,32,2,1,21,,
Soup Salad Sandwich Combo,Tuna Sandwich Half (White),,330,120,14,"2,5",0,35,670,31,2,2,20,,
Soup Salad Sandwich Combo,Tuna Sandwich Half (Whole Wheat),,310,130,15,"2,5",0,35,550,26,4,4,20,,
Soup Salad Sandwich Combo,Turkey Sandwich Half (Rye),,320,130,14,2,0,40,1010,35,2,4,17,,
Soup Salad Sandwich Combo,Turkey Sandwich Half (Sourdough),,320,110,12,2,0,40,970,36,1,2,18,,
Soup Salad Sandwich Combo,Turkey Sandwich Half (White),,310,110,12,2,0,40,1060,35,1,3,17,,
Soup Salad Sandwich Combo,Turkey Sandwich Half (Whole Wheat),,290,120,13,2,0,40,940,30,3,5,17,,
Soup Salad Sandwich Combo,Grilled Cheese Half (Rye),,460,250,28,15,0,70,1670,38,2,5,19,,
Soup Salad Sandwich Combo,Grilled Cheese Half (Sourdough),,460,230,26,15,0,70,1630,39,1,3,20,,
Soup Salad Sandwich Combo,Grilled Cheese Half (White),,450,230,26,15,0,70,1720,38,1,4,19,,
Soup Salad Sandwich Combo,Grilled Cheese Half (Whole Wheat),,430,240,27,1,0,70,1600,33,3,6,19,,
Soup Salad Sandwich Combo,"Caesar Salad (Half, no dressing)",,230,170,19,5,0,20,730,10,3,3,7,,
Soup Salad Sandwich Combo,Very Berry Salad Half (incl. raspberry vinaigrette),,530,400,44,10,0,30,260,24,2,18,14,,
Soup Salad Sandwich Combo,Chicken Veggie Soup (Cup),,110,35,4,2,0,30,310,7,2,3,10,,
Soup Salad Sandwich Combo,Tomato Basil Soup (Cup),,210,140,15,15,0,25,600,14,1,11,2,,
Beverages,"Orange, Apple, or Grapefruit Juice (Glass)",,170,5,"0,5",0,0,0,0,39,1,31,3,,
Beverages,Orange Juice (Half Carafe),,240,10,1,0,0,0,5,55,1,44,4,,
Beverages,Orange Juice (Carafe),,470,20,2,0,0,0,10,109,2,88,7,,
Beverages,Apple Juice (Glass),,170,5,0,0,0,0,15,42,1,36,0,,
Beverages,Apple Juice (Half Carafe),,240,10,1,0,0,0,30,55,5,38,4,,
Beverages,Apple Juice (Carafe),,480,10,"1,5",0,0,0,40,118,2,101,1,,
Beverages,Grapefruit Juice (Glass),,130,5,0,0,0,0,10,29,3,26,2,,
Beverages,Grapefruit Juice (Half Carafe),,180,5,"0,5",0,0,0,15,41,4,37,3,,
Beverages,Grapefruit Juice (Carafe),,350,10,1,0,0,0,30,83,8,75,6,,
Beverages,Lemonade (Glass),,200,0,0,0,0,0,15,50,0,44,0,,
Beverages,Lemonade (Half Carafe),,270,0,0,0,0,0,20,70,0,61,0,,
Beverages,Lemonade (Carafe),,550,0,0,0,0,0,40,139,0,123,0,,
Beverages,Pomegranate Juice (Glass),,200,10,1,0,0,0,35,49,0,48,1,,
Beverages,Pomegranate Juice (Half Carafe),,290,15,"1,5",0,0,0,50,70,1,67,1,,
Beverages,Pomegranate Juice (Carafe),,570,30,3,1,0,0,95,139,1,134,2,,
Beverages,Cranberry Juice (Glass),,170,0,0,0,0,0,10,42,0,42,0,,
Beverages,Champagne Bottle,,680,0,0,0,0,0,0,42,0,23,0,,
Beverages,Champagne Glass (12 oz),,240,0,0,0,0,0,0,15,0,8,0,,
Beverages,Mimosa,,230,0,0,0,0,0,0,20,0,13,1,,
Beverages,Hibiscus Mimosa,,230,0,0,0,0,0,0,20,0,14,1,,
Beverages,Pomegranate Mimosa,,230,0,0,0,0,0,5,21,0,15,1,,
Beverages,Mimosa Flight,,390,0,0,0,0,0,5,37,1,26,1,,
Beverages,Heineken Beer,,150,0,0,0,0,0,0,11,0,0,0,,
Beverages,Bud Light Beer,,110,0,0,0,0,0,0,7,0,0,1,,
Beverages,Budweiser Beer,,150,0,0,0,0,0,0,11,0,0,1,,
Beverages,Corona Beer,,150,0,0,0,0,0,0,14,0,0,0,,
Beverages,Pacifico Beer,,140,0,0,0,0,0,0,14,0,0,1,,
Beverages,BYC Bloody Mary,,150,35,4,1,0,5,1600,10,2,5,2,,
Beverages,Bloody Caesar,,130,10,1,0,0,0,2120,11,0,9,1,,
Beverages,Bloody Maria,,130,10,1,0,0,0,1530,12,2,7,1,,
Beverages,Red Snapper,,130,10,1,0,0,0,880,13,3,6,2,,
Beverages,Bloody Mary Flight,,280,20,2,"0,5",0,5,3400,27,3,17,4,,
Beverages,Hot Tea,,0,0,0,0,0,0,5,1,0,0,0,,
Beverages,Hot Cocoa,,310,100,11,7,0,20,170,48,1,42,1,,
Beverages,Milk 2%,,240,90,10,6,0,40,230,23,0,23,16,,
Beverages,Pepsi,,150,0,0,0,0,0,30,41,0,41,0,,
Beverages,Diet Pepsi,,0,0,0,0,0,0,55,0,0,0,0,,
Beverages,Dr. Pepper,,240,0,0,0,0,0,75,66,0,64,0,,
Beverages,Sierra Mist,,150,0,0,0,0,0,35,41,0,41,0,,
Beverages,Brisk Raspberry Iced Tea,,80,0,0,0,0,0,45,20,0,20,0,,
Beverages,Mountain Dew,,160,0,0,0,0,0,50,44,0,44,0,,
Beverages,Unsweetened Iced Tea,,5,0,0,0,0,0,15,1,0,0,0,,
Beverages,Arnold Palmer Iced Tea,,130,0,0,0,0,0,20,34,0,29,0,,
Beverages,Strawberry Banana Smoothie,,220,10,1,0,0,0,30,55,5,38,4,,
Beverages,Blueberry Banana Smoothie,,140,10,1,0,0,0,35,31,3,20,3,,
Coffee Bar,Coffee,,0,0,0,0,0,0,0,0,0,0,0,,
Coffee Bar,Cold Brew,,0,0,0,0,0,0,0,0,0,0,0,,
Coffee Bar,Espresso,,5,0,0,0,0,0,10,1,0,0,0,,
Coffee Bar,Espresso Shot,,5,0,0,0,0,0,10,1,0,0,0,,
Coffee Bar,Cappuccino (Hot/Iced),,35,10,"1,5",1,0,5,35,4,0,3,2,,
Coffee Bar,Caffe Latte (Hot/Iced),,110,35,4,"2,5",0,15,110,11,0,10,7,,
Coffee Bar,Mocha Latte (Hot/Iced),,190,35,4,"2,5",0,15,115,35,2,29,6,,
Coffee Bar,Messy Caramel Latte (Hot/Iced),,420,90,10,5,0,45,180,73,0,58,5,,
Coffee Bar,Vanilla Syrup,,80,0,0,0,0,0,45,20,0,20,0,,
Coffee Bar,Vanilla Syrup (Sugar Free),,0,0,0,0,0,0,0,0,0,0,0,,
Coffee Bar,Caramel Syrup,,80,0,0,0,0,0,15,20,0,19,0,,
Coffee Bar,Caramel Syrup (Sugar Free),,0,0,0,0,0,0,0,1,0,0,0,,
Coffee Bar,Hazelnut Syrup,,80,0,0,0,0,0,0,19,0,19,0,,
Coffee Bar,Hazelnut Syrup (Sugar Free),,0,0,0,0,0,0,0,0,0,0,0,,
Coffee Bar,Matcha Latte,,290,100,11,9,0,20,210,41,0,37,9,,
Coffee Bar,Chai Latte,,130,20,"2,5","1,5",0,10,60,24,0,22,4,,
Sides,Just Eggs - Scrambled or Fried,,170,110,12,5,0,370,140,1,0,0,13,,
Sides,Just Eggs - Boiled or Poached,,140,90,10,3,0,370,140,1,0,0,13,,
Sides,Egg Whites (2),,60,25,3,25,0,0,110,0,0,0,7,,
Sides,Bacon (3),,90,70,8,3,0,15,200,0,0,0,3,,
Sides,Turkey Bacon (3),,150,80,9,3,0,75,720,0,0,0,15,,
Sides,Applewood Smoked Bacon (3),,90,80,9,3,0,15,200,0,0,0,3,,
Sides,Canadian Bacon,,110,50,6,3,0,45,900,0,0,0,15,,
Sides,Pork Sausage Link (3),,360,30,34,12,0,60,780,0,0,0,12,,
Sides,Pork Sausage Patty (2),,460,400,33,16,0,90,760,0,0,0,18,,
Sides,Turkey Patty Sausage (2),,180,130,14,4,0,80,560,0,0,0,14,,
Sides,Smoked Ham,,170,70,8,2,0,95,1160,0,0,0,15,,
Sides,Beef Patty,,420,250,28,11,1,140,410,0,0,0,11,,
Sides,Corned Beef Hash,,580,330,37,17,25,90,2090,36,4,3,22,,
Sides,Chicken (4 oz),,190,35,4,1,0,95,85,0,0,0,40,,
Sides,Corn Tortillas (3),,280,35,"3,5","0,5",0,0,55,57,8,1,35,,
Sides,Flour Tortillas (3),,380,90,10,"3,5",0,0,920,62,4,5,29,,
Sides,Mexican Rice,,110,15,2,0,0,0,330,21,1,1,7,,
Sides,Refried Beans,,180,35,4,"0,5",0,0,150,28,9,0,10,,
Sides,Black Beans,,130,5,"0,5",0,0,0,310,23,8,1,8,,
Sides,White Toast,,280,0,0,0,0,0,720,58,2,2,10,,
Sides,Rye Toast,,300,35,4,0,0,0,620,58,4,4,10,,
Sides,Wheat Toast,,240,20,2,0,0,0,480,48,6,6,10,,
Sides,Sourdough Toast,,300,10,1,0,0,0,540,60,2,0,12,,
Sides,Fresh Fruit,,120,5,0,0,0,0,25,30,3,25,2,,
Sides,Home Fries,,300,100,12,7,0,30,15,47,4,2,4,,
Sides,Hash Browns,,210,100,12,7,0,30,10,24,2,1,2,,
Sides,French Fries,,270,110,12,2,0,0,50,37,5,0,4,,
Sides,Sweet Potato Fries,,240,110,12,2,0,0,240,31,5,12,2,,
Sides,Buttermilk Pancake (1),,320,110,17,10,"0,5",40,540,37,1,6,5,,
Sides,Banana Pancake (1),,450,150,18,11,"0,5",40,540,71,5,25,6,,
Sides,Blueberry Pancake (1),,380,160,17,11,"0,5",40,540,53,3,18,5,,
Sides,Chocolate Chip Flavored Pancake (1),,700,340,38,23,"0,5",45,540,80,5,47,8,,
Sides,Cinnacake (1),,590,120,14,8,"0,5",5,740,111,1,72,4,,
Sides,Honey Wheat Pancake (1),,410,150,17,10,"0,5",40,670,57,3,14,3,,
Sides,Gluten Free Pancake (1),,390,170,20,10,"0,5",40,750,51,1,12,3,,
Sides,French Toast (1),,380,130,15,8,0,215,310,49,3,17,11,,
Sides,English Muffin,,120,10,1,0,0,0,240,24,1,1,5,,
Sides,Blueberry Muffin,,480,200,23,"3,5",0,50,400,62,1,35,4,,
Sides,Biscuit,,470,140,15,5,0,5,1470,72,0,10,12,,
Sides,Avocado (1/2),,160,130,15,2,0,0,5,9,7,1,2,,
Sides,Onion Rings (Unseasoned),,420,190,22,4,0,0,890,40,3,6,6,,
Sides,Butter (2 oz),,140,140,20,10,1,41,0,0,0,0,0,,
Sides,Balsamic Dressing (2 oz),,180,160,18,3,0,0,700,6,0,4,0,,
Sides,Blue Cheese Dressing (2 oz),,280,250,28,5,0,30,820,2,0,2,2,,
Sides,Caesar Dressing (2 oz),,240,230,26,4,0,10,560,2,0,2,2,,
Sides,Honey Mustard Dressing (2 oz),,320,250,28,4,0,20,420,20,0,8,0,,
Sides,Ranch Dressing (2 oz),,280,270,30,5,0,10,440,2,0,2,0,,
Sides,Raspberry Vinaigrette (2 oz),,240,270,24,3,0,0,180,10,0,10,0,,
Sides,Thousand Island Dressing (2 oz),,300,270,30,5,0,30,440,8,0,8,0,,
Kid's Menu,Pancake,,200,20,2,1,0,0,600,42,1,7,5,,
Kid's Menu,Fresh Toast Sticks,,300,120,13,7,0,215,290,33,2,3,11,,
Kid's Menu,Chicken Strips,,400,160,18,"3,5",0,75,790,31,3,0,30,,
Kid's Menu,Cheeseburger,,480,230,26,11,"0,5",95,990,29,1,5,32,,
Kid's Menu,Sweet Potato Fries,,150,60,7,"1,5",0,0,140,19,3,7,1,,
Kid's Menu,Scrambled Egg,,100,70,8,4,0,190,70,0,0,0,6,,
Kid's Menu,Sausage,,180,150,17,6,0,30,390,0,0,0,6,,
Kid's Menu,Jr Yogurt Parfait,,270,40,45,1,0,0,105,54,4,28,6,,
Kid's Menu,Fruit,,120,5,0,0,0,0,25,30,3,25,2,,
Kid's Menu,French Fries,,220,90,10,2,0,0,40,20,4,0,4,,
Kid's Menu,Bacon,,30,25,25,1,0,5,65,0,0,0,1,,
Kid's Menu,Orange Juice,,130,5,"0,5",0,0,0,0,29,1,23,2,,
Kid's Menu,Milk 2%,,140,50,5,"3,5",0,20,130,12,0,13,9,,
Kid's Menu,Lemonade,,150,0,0,0,0,0,10,37,0,33,0,,
Kid's Menu,Jr Strawberry Banana Smoothie,,110,0,0,0,0,0,15,28,2,19,2,,
Kid's Menu,Jr Blueberry Banana Smoothie,,70,5,0,0,0,0,15,15,2,10,1,,
Kid's Menu,Apple Juice,,130,5,0,0,0,0,10,32,1,27,0,,
Kids Menu,Chicken Strips (2),,400,160,18,3.5,0,75,790,31,3,0,30,,
Kids Menu,FRENCH TOAST STICKS,,300,120,13,7,0,215,290,33,2,3,11,,
Kids Menu,Pancake,,200,20,2,1,0,0,600,42,1,7,5,,
Kids Menu,1/2 Grilled Cheese,,270,90,10,6,0,30,1040,33,1,2,12,,
Kids Menu,Cheeseburger,,480,230,26,11,0.5,95,990,29,1,5,32,,
Kids Menu,Eggs (Any Style),,100,70,8,4,0,190,70,0,0,0,6,,
Beverages,Bellini,,280,0,0,0,0,0,25,50,0,45,0,,
Beverages,Pineapple Matcha Latte,,370,110,12,12,0,0,230,65,0,57,3,3,
Beverages,Matcha Green Tea Latte,,290,100,11,9,0,20,210,41,0,37,9,,
Beverages,BYC Bloody Maria,,150,35,4,1,0,5,1600,10,2,5,2,,
Beverages,Tropical Flight,,430,0,0,0,0,0,0,48,<1,36,0,,
Beverages,Red Bull (8oz. Can),,110,0,0,0,0,0,105,29,0,26,0,,
Beverages,Red Bull Razz-Berry Rush,,160,0,0,0,0,0,105,40,0,36,0,,
Cocktails,Dreamsicle,Full Alcohol,400,60,6,3,0,25,10,58,<1,52,2,,
Cocktails,Dreamsicle,Low ABV,380,50,6,3,0,25,10,55,<1,50,2,,
Cocktails,Pucker Up Lemonade,Full Alcohol,280,0,0,0,0,0,5,30,<1,29,0,,
Cocktails,Pucker Up Lemonade,Low ABV,290,0,0,0,0,0,10,28,<1,27,0,,
Cocktails,Pomegranate Sunrise,Full Alcohol,230,0,0,0,0,0,5,25,<1,22,<1,,
Cocktails,Pomegranate Sunrise,Low ABV,170,0,0,0,0,0,5,29,<1,26,<1,,
Beverages,Bucket o' Bubbles,Low Range,1050,15,1.5,0,0,0,20,115,5,94,7,7,
Beverages,Bucket o' Bubbles,High Range,1240,15,1.5,0,0,0,70,182,<1,151,<1,,
Beverages,RedBull Mosa,,250,0,0,0,0,0,140,46,<1,40,<1,,
Beverages,Redbull Watermelon Margarita,,290,0,0,0,0,0,1230,41,0,36,0,,
Cocktails,Espresso Martini,Full Alcohol,260,45,5,3,0,<5,50,21,0,19,2,,
Cocktails,Espresso Martini,Low ABV,Low ABV,250,45,4.5,3,0,<5,45,21,0,19,2,
Beverages,Just the Bubbles,Bottle,680,0,0,0,0,0,--,42,--,23,--,,
Beverages,Just the Bubbles,Glass,240,0,0,0,0,0,--,15,--,8,--,,
Catering,Gallon Orange Juice,Per Serving,110,0,0.5,0,0,0,0,26,<1,21,2,,
Catering,Hot Chocolate,Per Serving,240,35,4,3,0,0,220,49,0,43,0,,
Catering,Coffee Tower,Per Serving,0,0,0,0,0,0,0,0,0,0,0,,
Gallon Orange Juice,BROKEN YOLK - Catering: Orange Juice (8 fl oz),1,Serving,110,0,0.5,0,0,0,0,26,<1,21,2,its per serving
Hot Chocolate Traveler,BROKEN YOLK - Catering: Hot Cocoa (8 fl oz),1,Serving,240,35,4,3,0,0,220,49,0,43,0,its per serving