EXPECTED_CATEGORY,DETECTED_CATEGORY,MENU_ITEM,DETECTED_CARD_TITLE,COPY_CONTENT,UAT_DESCRIPTION,CONTENT_STATUS,NUTRITION_MISMATCH,NUTRITION_INFO_STATUS,NUTRITION_SCREENSHOT,SCREENSHOT
BREAKFAST ENTREES,BREAKFAST ENTREES,FAMILY STYLE BREAKFAST,FAMILY STYLE BREAKFAST,"The Family Style Breakfast can serve 10-20 people. It includes scrambled eggs and your choice between pancakes or french toast, bacon or sausage, and hashbrowns or homefried potatoes.","The Family Style Breakfast can serve 10-20 people. It includes scrambled eggs and your choice between pancakes or french toast, bacon or sausage, and hashbrowns or homefried potatoes.",MATCH,,NO_NUTRITIONAL_INFO,,./output/catering/screenshots/front/FAMILY_STYLE_BREAKFAST.png
BREAKFAST ENTREES,BREAKFAST ENTREES,Breakfast Burritos,BREAKFAST BURRITOS,"Scrambled eggs, bacon, cheddar cheese, home fries and avocado wrapped in a flour tortilla. Served with salsa fresca and salsa verde. Small and large box options available.","Scrambled eggs, bacon, cheddar cheese, home fries and avocado wrapped in a flour tortilla. Served with salsa fresca and salsa verde. Small and large box options available.",MATCH,,VARIANT_MATCH -> Breakfast Burrito (1/2),./output/catering/screenshots/nutrition/Breakfast_Burritos_nutrition.png,./output/catering/screenshots/front/Breakfast_Burritos.png
BREAKFAST ENTREES,BREAKFAST ENTREES,VEGETARIAN BREAKFAST BURRITOS,VEGETARIAN BREAKFAST BURRITOS,"Scrambled eggs, cheddar cheese, home fries and avocado wrapped in a flour tortilla. Served with salsa fresca and salsa verde. Small and large box options available.‍","Scrambled eggs, cheddar cheese, home fries and avocado wrapped in a flour tortilla. Served with salsa fresca and salsa verde. Small and large box options available.

‍",MATCH,,VARIANT_MATCH -> VEGETARIAN BREAKFAST BURRITOS (1/2),./output/catering/screenshots/nutrition/VEGETARIAN_BREAKFAST_BURRITOS_nutrition.png,./output/catering/screenshots/front/VEGETARIAN_BREAKFAST_BURRITOS.png
BREAKFAST ENTREES,BREAKFAST ENTREES,Chorizo Burritos,CHORIZO BURRITOS,"Two eggs scrambled with spicy chorizo, home fries and cheddar cheese wrapped in a flour tortilla. Served with salsa fresca and salsa verde. Small and large box options available.","Two eggs scrambled with spicy chorizo, home fries and cheddar cheese wrapped in a flour tortilla. Served with salsa fresca and salsa verde. Small and large box options available.",MATCH,,MATCH,./output/catering/screenshots/nutrition/Chorizo_Burritos_nutrition.png,./output/catering/screenshots/front/Chorizo_Burritos.png
BREAKFAST ENTREES,BREAKFAST ENTREES,Ranchero Scramble,RANCHERO SCRAMBLE,"Home fried potatoes sautéed with chorizo, fresh chopped serrano peppers and onions. Topped with Jack cheese, scrambled eggs, avocado, red onion, cilantro and ranchero sauce. Small and large box options available.","Home fried potatoes sautéed with chorizo, fresh chopped serrano peppers and onions. Topped with Jack cheese, scrambled eggs, avocado, red onion, cilantro and ranchero sauce. Small and large box options available.",MATCH,,MATCH,./output/catering/screenshots/nutrition/Ranchero_Scramble_nutrition.png,./output/catering/screenshots/front/Ranchero_Scramble.png
BREAKFAST ENTREES,BREAKFAST ENTREES,Spicy Vegan Scramble,SPICY VEGAN SCRAMBLE,"Plant based JUST EGG™ scrambled with spinach, mushroom, onion, green and red bell pepper over home fries potatoes and topped with plant based BEYOND SAUSAGE® hot Italian link, avocado and sriracha. Serves 10.","Plant based JUST EGG™ scrambled with spinach, mushroom, onion, green and red bell pepper over home fries potatoes and topped with plant based BEYOND SAUSAGE® hot Italian link, avocado and sriracha. Serves 10.",MATCH,,MATCH,./output/catering/screenshots/nutrition/Spicy_Vegan_Scramble_nutrition.png,./output/catering/screenshots/front/Spicy_Vegan_Scramble.png
BREAKFAST TRAYS,BREAKFAST TRAYS,SCRAMBLED EGGS TRAY,SCRAMBLED EGGS TRAY,Scrambled eggs tray serves up to 10 people.,Scrambled eggs tray serves up to 10 people.,MATCH,,MATCH,./output/catering/screenshots/nutrition/SCRAMBLED_EGGS_TRAY_nutrition.png,./output/catering/screenshots/front/SCRAMBLED_EGGS_TRAY.png
BREAKFAST TRAYS,BREAKFAST TRAYS,APPLEWOOD BACON TRAY,APPLEWOOD BACON TRAY,Applewood bacon tray serves up to 10 people.,Applewood bacon tray serves up to 10 people.,MATCH,,MATCH,./output/catering/screenshots/nutrition/APPLEWOOD_BACON_TRAY_nutrition.png,./output/catering/screenshots/front/APPLEWOOD_BACON_TRAY.png
BREAKFAST TRAYS,BREAKFAST TRAYS,SAUSAGE LINKS TRAY,SAUSAGE LINKS TRAY,Sausage links tray serves up to 10 people.,Sausage links tray serves up to 10 people.,MATCH,,MATCH,./output/catering/screenshots/nutrition/SAUSAGE_LINKS_TRAY_nutrition.png,./output/catering/screenshots/front/SAUSAGE_LINKS_TRAY.png
BREAKFAST TRAYS,BREAKFAST TRAYS,HASHBROWNS TRAY,HASHBROWNS TRAY,Hash browns tray serves up to 10 people.‍,"Hash browns tray serves up to 10 people.

‍",MATCH,,MATCH,./output/catering/screenshots/nutrition/HASHBROWNS_TRAY_nutrition.png,./output/catering/screenshots/front/HASHBROWNS_TRAY.png
BREAKFAST TRAYS,BREAKFAST TRAYS,HOMEFRIES TRAY,HOMEFRIES TRAY,Home fries tray serves up to 10 people.,Home fries tray serves up to 10 people.,MATCH,,MATCH,./output/catering/screenshots/nutrition/HOMEFRIES_TRAY_nutrition.png,./output/catering/screenshots/front/HOMEFRIES_TRAY.png
BREAKFAST TRAYS,BREAKFAST TRAYS,MINI BLUEBERRY MUFFINS TRAY,MINI BLUEBERRY MUFFINS TRAY,Mini blueberry muffin tray serves up to 10 people. Contains 24 muffins.,Mini blueberry muffin tray serves up to 10 people. Contains 24 muffins.,MATCH,,MATCH,./output/catering/screenshots/nutrition/MINI_BLUEBERRY_MUFFINS_TRAY_nutrition.png,./output/catering/screenshots/front/MINI_BLUEBERRY_MUFFINS_TRAY.png
BREAKFAST TRAYS,BREAKFAST TRAYS,PANCAKES TRAY,PANCAKES TRAY,Pancakes tray serves up to 10 people.‍,"Pancakes tray serves up to 10 people.

‍",MATCH,,MATCH,./output/catering/screenshots/nutrition/PANCAKES_TRAY_nutrition.png,./output/catering/screenshots/front/PANCAKES_TRAY.png
BREAKFAST TRAYS,BREAKFAST TRAYS,WAFFLES TRAY,WAFFLES TRAY,Waffles tray serves up to 10 people. Waffles are served in quarters.,Waffles tray serves up to 10 people. Waffles are served in quarters.,MATCH,,MATCH,./output/catering/screenshots/nutrition/WAFFLES_TRAY_nutrition.png,./output/catering/screenshots/front/WAFFLES_TRAY.png
BREAKFAST TRAYS,BREAKFAST TRAYS,FRENCH TOAST TRAY,FRENCH TOAST TRAY,"French Toast tray is srved in halfs, and serves up to 10 people.","French Toast tray is srved in halfs, and serves up to 10 people.",MATCH,,MATCH,./output/catering/screenshots/nutrition/FRENCH_TOAST_TRAY_nutrition.png,./output/catering/screenshots/front/FRENCH_TOAST_TRAY.png
BREAKFAST TRAYS,BREAKFAST TRAYS,PARFAITS,PARFAITS,"Vanilla yogurt layered with granola, strawberries and blueberries. Tray serves 10 people and has 10 individual cups.","Vanilla yogurt layered with granola, strawberries and blueberries. Tray serves 10 people and has 10 individual cups.",MATCH,,MATCH,./output/catering/screenshots/nutrition/PARFAITS_nutrition.png,./output/catering/screenshots/front/PARFAITS.png
BREAKFAST TRAYS,BREAKFAST TRAYS,FRUIT TRAY,FRUIT TRAY,A medley of seasonal fruit. Tray serves up to 10 people.,A medley of seasonal fruit. Tray serves up to 10 people.,MATCH,,MATCH,./output/catering/screenshots/nutrition/FRUIT_TRAY_nutrition.png,./output/catering/screenshots/front/FRUIT_TRAY.png
SANDWICHES & WRAPS,SANDWICHES & WRAPS,Turkey Wrap,TURKEY WRAP,"Sliced turkey breast, Jack cheese, lettuce, tomato and avocado wrapped in a spinach tortilla. Small and large box options available.","Sliced turkey breast, Jack cheese, lettuce, tomato and avocado wrapped in a spinach tortilla. Small and large box options available.",MATCH,,VARIANT_MATCH -> Turkey Wrap (1/2),./output/catering/screenshots/nutrition/Turkey_Wrap_nutrition.png,./output/catering/screenshots/front/Turkey_Wrap.png
SANDWICHES & WRAPS,SANDWICHES & WRAPS,TURKEY CROISSANT SANDWICH,TURKEY CROISSANT SANDWICH,"Butter croissant filled with sliced turkey breast, applewood smoked bacon, Jack cheese, avocado, lettuce and tomato. Served with mayonnaise and Dijon mustard on the side. Small and large box options available.","Butter croissant filled with sliced turkey breast, applewood smoked bacon, Jack cheese, avocado, lettuce and tomato. Served with mayonnaise and Dijon mustard on the side. Small and large box options available.",MATCH,,MATCH,./output/catering/screenshots/nutrition/TURKEY_CROISSANT_SANDWICH_nutrition.png,./output/catering/screenshots/front/TURKEY_CROISSANT_SANDWICH.png
SANDWICHES & WRAPS,SANDWICHES & WRAPS,Monte Cristo,MONTE CRISTO,Grilled brioche French toast sandwich with sliced ham and Swiss cheese. Served with raspberry sauce. Small and large box options available.,Grilled brioche French toast sandwich with sliced ham and Swiss cheese. Served with raspberry sauce. Small and large box options available.,MATCH,,MATCH,./output/catering/screenshots/nutrition/Monte_Cristo_nutrition.png,./output/catering/screenshots/front/Monte_Cristo.png
SANDWICHES & WRAPS,SANDWICHES & WRAPS,Breakfast Croissant Sandwich,BREAKFAST CROISSANT SANDWICH,"Two eggs scrambled with cheddar cheese and choice of bacon, ham or sausage patty. Served with chipotle mayo on the side. Small and larhe box options available.","Two eggs scrambled with cheddar cheese and choice of bacon, ham or sausage patty. Served with chipotle mayo on the side. Small and larhe box options available.",MATCH,,MATCH,./output/catering/screenshots/nutrition/Breakfast_Croissant_Sandwich_nutrition.png,./output/catering/screenshots/front/Breakfast_Croissant_Sandwich.png
SALADS,SALADS,Caesar Salad,CAESAR SALAD,"Romaine lettuce, tomato, parmesan cheese and croutons. Served with Caesar dressing. Small and large box options available.","Romaine lettuce, tomato, parmesan cheese and croutons. Served with Caesar dressing. Small and large box options available.",MATCH,,"VARIANT_MATCH -> Caesar Salad (Half, no dressing)",./output/catering/screenshots/nutrition/Caesar_Salad_nutrition.png,./output/catering/screenshots/front/Caesar_Salad.png
SALADS,SALADS,Very Berry Salad,VERY BERRY SALAD,"Mixed greens, strawberries, blueberries, sliced almonds and goat cheese. Served with fat-free raspberry vinaigrette. Small and large box options available.","Mixed greens, strawberries, blueberries, sliced almonds and goat cheese. Served with fat-free raspberry vinaigrette. Small and large box options available.",MATCH,,VARIANT_MATCH -> Very Berry Salad (incl. raspberry vinaigrette),./output/catering/screenshots/nutrition/Very_Berry_Salad_nutrition.png,./output/catering/screenshots/front/Very_Berry_Salad.png
SALADS,SALADS,Greek Salad,GREEK SALAD,"Romaine lettuce, tomato, kalamata olives, red onion, red and green bell pepper and feta cheese. Served with balsamic vinaigrette. Small and large box options available.","Romaine lettuce, tomato, kalamata olives, red onion, red and green bell pepper and feta cheese. Served with balsamic vinaigrette. Small and large box options available.",MATCH,,VARIANT_MATCH -> Greek Salad (incl. balsamic vinaigrette),./output/catering/screenshots/nutrition/Greek_Salad_nutrition.png,./output/catering/screenshots/front/Greek_Salad.png
BEVERAGES,BEVERAGES,COFFEE TRAVELER,COFFEE TRAVELER,Our 96oz coffee traveler serves 12 - 8oz cups. Cream and sweeteners provided.‍,"Our 96oz coffee traveler serves 12 - 8oz cups. Cream and sweeteners provided.

‍",MATCH,,VARIANT_MATCH -> Coffee,./output/catering/screenshots/nutrition/COFFEE_TRAVELER_nutrition.png,./output/catering/screenshots/front/COFFEE_TRAVELER.png
BEVERAGES,BEVERAGES,COFFEE TRAVELER - DECAF,COFFEE TRAVELER - DECAF,Our 96oz coffee traveler serves 12 - 8oz cups. Cream and sweeteners provided.,Our 96oz coffee traveler serves 12 - 8oz cups. Cream and sweeteners provided.,MATCH,,VARIANT_MATCH -> Coffee,./output/catering/screenshots/nutrition/COFFEE_TRAVELER_DECAF_nutrition.png,./output/catering/screenshots/front/COFFEE_TRAVELER_DECAF.png
BEVERAGES,BEVERAGES,HOT CHOCOLATE TRAVELER,HOT CHOCOLATE TRAVELER,Our 96oz hot chocolate traveler serves 12 - 8oz cups.‍,"Our 96oz hot chocolate traveler serves 12 - 8oz cups.

‍",MATCH,,VARIANT_MATCH -> Hot Chocolate,./output/catering/screenshots/nutrition/HOT_CHOCOLATE_TRAVELER_nutrition.png,./output/catering/screenshots/front/HOT_CHOCOLATE_TRAVELER.png
BEVERAGES,BEVERAGES,GALLON ORANGE JUICE,GALLON ORANGE JUICE,1 gallon of our fresh orange juice serves 16 - 8oz cups.‍,"1 gallon of our fresh orange juice serves 16 - 8oz cups.

‍",MATCH,,MATCH,./output/catering/screenshots/nutrition/GALLON_ORANGE_JUICE_nutrition.png,./output/catering/screenshots/front/GALLON_ORANGE_JUICE.png
